{"cameraMode":{"drawMode":0,"name":"Shaded","section":"Shading Mode"},"sceneLighting":false,"audioPlay":false,"sceneViewState":{"showFog":true,"showMaterialUpdate":true,"showSkybox":false,"showFlares":true,"showImageEffects":true,"showParticleSystems":true},"in2DMode":false,"pivot":{"x":-393.535888671875,"y":30.810264587402345,"z":98.59222412109375},"rotation":{"x":0.24148614704608918,"y":-0.0029112068004906179,"z":0.0007244613952934742,"w":0.9703996777534485},"size":133.34934997558595,"orthographic":false}