{"cameraMode":{"drawMode":0,"name":"Shaded","section":"Shading Mode"},"sceneLighting":false,"audioPlay":false,"sceneViewState":{"showFog":true,"showMaterialUpdate":true,"showSkybox":false,"showFlares":true,"showImageEffects":true,"showParticleSystems":true},"in2DMode":false,"pivot":{"x":233.160888671875,"y":-668.7529296875,"z":1244.4024658203125},"rotation":{"x":0.40345585346221926,"y":0.24868246912956239,"z":-0.11492522060871124,"w":0.8730289340019226},"size":1370.9549560546875,"orthographic":false}