{"cameraMode":{"drawMode":0,"name":"Shaded","section":"Shading Mode"},"sceneLighting":false,"audioPlay":false,"sceneViewState":{"showFog":true,"showMaterialUpdate":true,"showSkybox":false,"showFlares":true,"showImageEffects":true,"showParticleSystems":true},"in2DMode":false,"pivot":{"x":52.162662506103519,"y":-4.504339218139648,"z":-441.50103759765627},"rotation":{"x":-0.035544950515031818,"y":-0.9385939240455627,"z":0.10176137089729309,"w":-0.3277864158153534},"size":37.82387161254883,"orthographic":false}