{"cameraMode":{"drawMode":0,"name":"Shaded","section":"Shading Mode"},"sceneLighting":true,"audioPlay":false,"sceneViewState":{"showFog":true,"showMaterialUpdate":true,"showSkybox":true,"showFlares":true,"showImageEffects":true,"showParticleSystems":true},"in2DMode":false,"pivot":{"x":443.03717041015627,"y":963.473388671875,"z":-1017.8092651367188},"rotation":{"x":0.48227912187576296,"y":-0.36107781529426577,"z":0.22763706743717194,"w":0.7649907469749451},"size":52.2019157409668,"orthographic":false}