{"cameraMode":{"drawMode":0,"name":"Shaded","section":"Shading Mode"},"sceneLighting":false,"audioPlay":false,"sceneViewState":{"showFog":true,"showMaterialUpdate":true,"showSkybox":false,"showFlares":true,"showImageEffects":true,"showParticleSystems":true},"in2DMode":false,"pivot":{"x":-463.0250244140625,"y":311.3320617675781,"z":2.5550689697265627},"rotation":{"x":0.12280626595020294,"y":0.4573322832584381,"z":-0.06393394619226456,"w":0.8784531950950623},"size":67.20304107666016,"orthographic":false}