{"cameraMode":{"drawMode":0,"name":"Shaded","section":"Shading Mode"},"sceneLighting":false,"audioPlay":false,"sceneViewState":{"showFog":true,"showMaterialUpdate":true,"showSkybox":false,"showFlares":true,"showImageEffects":true,"showParticleSystems":true},"in2DMode":false,"pivot":{"x":-13.033320426940918,"y":9.65667724609375,"z":-424.53631591796877},"rotation":{"x":-0.2689301073551178,"y":-0.15548013150691987,"z":0.044033464044332507,"w":-0.9495173692703247},"size":11.002111434936524,"orthographic":false}