{"cameraMode":{"drawMode":0,"name":"Shaded","section":"Shading Mode"},"sceneLighting":false,"audioPlay":false,"sceneViewState":{"showFog":true,"showMaterialUpdate":true,"showSkybox":false,"showFlares":true,"showImageEffects":true,"showParticleSystems":true},"in2DMode":false,"pivot":{"x":-9.1858491897583,"y":8.695228576660157,"z":-213.70703125},"rotation":{"x":-0.2689301073551178,"y":-0.15548013150691987,"z":0.044033464044332507,"w":-0.9495173692703247},"size":215.6210479736328,"orthographic":false}